,Accuracy,Precision,Recall,F1 score
0,0.8888888888888888,0.9105413105413105,0.8888888888888888,0.8864740198073531
